[{"model": "admin.logentry", "pk": 1, "fields": {"action_time": "2025-06-02T07:55:09.650", "user": 1, "content_type": 4, "object_id": "2", "object_repr": "MichaelB.", "action_flag": 3, "change_message": ""}}, {"model": "admin.logentry", "pk": 2, "fields": {"action_time": "2025-06-02T07:56:07.498", "user": 1, "content_type": 4, "object_id": "3", "object_repr": "MichaelB.", "action_flag": 3, "change_message": ""}}, {"model": "admin.logentry", "pk": 3, "fields": {"action_time": "2025-06-02T09:01:28.133", "user": 1, "content_type": 4, "object_id": "4", "object_repr": "MichaelB.", "action_flag": 3, "change_message": ""}}, {"model": "admin.logentry", "pk": 4, "fields": {"action_time": "2025-06-02T09:04:38.113", "user": 1, "content_type": 4, "object_id": "5", "object_repr": "themcb", "action_flag": 3, "change_message": ""}}, {"model": "admin.logentry", "pk": 5, "fields": {"action_time": "2025-06-02T09:07:38.706", "user": 1, "content_type": 4, "object_id": "6", "object_repr": "themcb", "action_flag": 3, "change_message": ""}}, {"model": "admin.logentry", "pk": 6, "fields": {"action_time": "2025-06-02T09:09:31.852", "user": 1, "content_type": 4, "object_id": "7", "object_repr": "themcb", "action_flag": 3, "change_message": ""}}, {"model": "admin.logentry", "pk": 7, "fields": {"action_time": "2025-06-02T09:11:02.365", "user": 1, "content_type": 4, "object_id": "8", "object_repr": "themcb", "action_flag": 3, "change_message": ""}}, {"model": "admin.logentry", "pk": 8, "fields": {"action_time": "2025-06-02T09:13:56.316", "user": 1, "content_type": 10, "object_id": "1", "object_repr": "Customer object (1)", "action_flag": 3, "change_message": ""}}, {"model": "admin.logentry", "pk": 9, "fields": {"action_time": "2025-06-02T09:14:05.607", "user": 1, "content_type": 4, "object_id": "9", "object_repr": "themcb", "action_flag": 3, "change_message": ""}}, {"model": "admin.logentry", "pk": 10, "fields": {"action_time": "2025-06-02T11:37:40.283", "user": 1, "content_type": 8, "object_id": "1", "object_repr": "Oskar Westerlin", "action_flag": 1, "change_message": "[{\"added\": {}}]"}}, {"model": "admin.logentry", "pk": 11, "fields": {"action_time": "2025-06-02T11:39:22.684", "user": 1, "content_type": 8, "object_id": "2", "object_repr": "Henrik Kristoffersen", "action_flag": 1, "change_message": "[{\"added\": {}}]"}}, {"model": "admin.logentry", "pk": 12, "fields": {"action_time": "2025-06-02T11:40:11.060", "user": 1, "content_type": 8, "object_id": "3", "object_repr": "Amalie Olsen", "action_flag": 1, "change_message": "[{\"added\": {}}]"}}, {"model": "admin.logentry", "pk": 13, "fields": {"action_time": "2025-06-02T11:40:46.887", "user": 1, "content_type": 8, "object_id": "4", "object_repr": "Sebastian Brevik", "action_flag": 1, "change_message": "[{\"added\": {}}]"}}, {"model": "admin.logentry", "pk": 14, "fields": {"action_time": "2025-06-02T11:41:20.591", "user": 1, "content_type": 8, "object_id": "5", "object_repr": "Snorre Klanderud", "action_flag": 1, "change_message": "[{\"added\": {}}]"}}, {"model": "admin.logentry", "pk": 15, "fields": {"action_time": "2025-06-02T11:42:02.995", "user": 1, "content_type": 8, "object_id": "6", "object_repr": "Arif Murakami", "action_flag": 1, "change_message": "[{\"added\": {}}]"}}, {"model": "admin.logentry", "pk": 16, "fields": {"action_time": "2025-06-02T11:42:42.428", "user": 1, "content_type": 8, "object_id": "7", "object_repr": "Vita Mashadi", "action_flag": 1, "change_message": "[{\"added\": {}}]"}}, {"model": "admin.logentry", "pk": 17, "fields": {"action_time": "2025-06-02T11:43:01.521", "user": 1, "content_type": 8, "object_id": "1", "object_repr": "Oskar Westerlin", "action_flag": 2, "change_message": "[{\"changed\": {\"fields\": [\"Email\"]}}]"}}, {"model": "admin.logentry", "pk": 18, "fields": {"action_time": "2025-06-02T12:43:55.824", "user": 1, "content_type": 8, "object_id": "9", "object_repr": "TestGuide2", "action_flag": 3, "change_message": ""}}, {"model": "admin.logentry", "pk": 19, "fields": {"action_time": "2025-06-02T12:43:59.433", "user": 1, "content_type": 8, "object_id": "11", "object_repr": "TestGuide2", "action_flag": 3, "change_message": ""}}, {"model": "admin.logentry", "pk": 20, "fields": {"action_time": "2025-06-02T12:44:02.249", "user": 1, "content_type": 8, "object_id": "10", "object_repr": "TestGuide2", "action_flag": 3, "change_message": ""}}, {"model": "admin.logentry", "pk": 21, "fields": {"action_time": "2025-06-02T12:55:34.414", "user": 1, "content_type": 8, "object_id": "13", "object_repr": "TestGuide2", "action_flag": 3, "change_message": ""}}, {"model": "admin.logentry", "pk": 22, "fields": {"action_time": "2025-06-02T12:55:37.082", "user": 1, "content_type": 8, "object_id": "12", "object_repr": "TestGuide2", "action_flag": 3, "change_message": ""}}, {"model": "admin.logentry", "pk": 23, "fields": {"action_time": "2025-06-02T12:56:36.731", "user": 1, "content_type": 8, "object_id": "14", "object_repr": "TestGuide2", "action_flag": 3, "change_message": ""}}, {"model": "admin.logentry", "pk": 24, "fields": {"action_time": "2025-06-02T12:58:11.763", "user": 1, "content_type": 8, "object_id": "15", "object_repr": "TestGuide2", "action_flag": 3, "change_message": ""}}, {"model": "admin.logentry", "pk": 25, "fields": {"action_time": "2025-06-02T13:28:00.775", "user": 1, "content_type": 7, "object_id": "1", "object_repr": "Easy", "action_flag": 1, "change_message": "[{\"added\": {}}]"}}, {"model": "admin.logentry", "pk": 26, "fields": {"action_time": "2025-06-02T13:28:18.211", "user": 1, "content_type": 7, "object_id": "2", "object_repr": "Medium", "action_flag": 1, "change_message": "[{\"added\": {}}]"}}, {"model": "admin.logentry", "pk": 27, "fields": {"action_time": "2025-06-02T13:28:30.806", "user": 1, "content_type": 7, "object_id": "3", "object_repr": "Hard", "action_flag": 1, "change_message": "[{\"added\": {}}]"}}, {"model": "admin.logentry", "pk": 28, "fields": {"action_time": "2025-06-02T13:28:45.303", "user": 1, "content_type": 7, "object_id": "1", "object_repr": "Easy", "action_flag": 2, "change_message": "[{\"changed\": {\"fields\": [\"Description\"]}}]"}}, {"model": "admin.logentry", "pk": 29, "fields": {"action_time": "2025-06-02T13:30:01.334", "user": 1, "content_type": 9, "object_id": "1", "object_repr": "Historical", "action_flag": 1, "change_message": "[{\"added\": {}}]"}}, {"model": "admin.logentry", "pk": 30, "fields": {"action_time": "2025-06-02T13:30:04.224", "user": 1, "content_type": 9, "object_id": "2", "object_repr": "Nature", "action_flag": 1, "change_message": "[{\"added\": {}}]"}}, {"model": "admin.logentry", "pk": 31, "fields": {"action_time": "2025-06-02T13:30:07.517", "user": 1, "content_type": 9, "object_id": "3", "object_repr": "Mountains", "action_flag": 1, "change_message": "[{\"added\": {}}]"}}, {"model": "admin.logentry", "pk": 32, "fields": {"action_time": "2025-06-02T13:30:09.684", "user": 1, "content_type": 9, "object_id": "4", "object_repr": "Sea", "action_flag": 1, "change_message": "[{\"added\": {}}]"}}, {"model": "admin.logentry", "pk": 33, "fields": {"action_time": "2025-06-02T13:51:37.692", "user": 1, "content_type": 11, "object_id": "2", "object_repr": "Hallstatt Alpine Escape - Hallstatt, Austria", "action_flag": 3, "change_message": ""}}, {"model": "admin.logentry", "pk": 34, "fields": {"action_time": "2025-06-02T13:51:49.966", "user": 1, "content_type": 11, "object_id": "1", "object_repr": "Hallstatt Alpine Escape - Hallstatt, Austria", "action_flag": 3, "change_message": ""}}, {"model": "admin.logentry", "pk": 35, "fields": {"action_time": "2025-06-02T13:55:31.447", "user": 1, "content_type": 12, "object_id": "2", "object_repr": "Hallstatt Alpine Escape - Hallstatt, Austria - TripImages/Безіменний213.pdn", "action_flag": 3, "change_message": ""}}, {"model": "admin.logentry", "pk": 36, "fields": {"action_time": "2025-06-02T13:55:34.283", "user": 1, "content_type": 12, "object_id": "1", "object_repr": "Hallstatt Alpine Escape - Hallstatt, Austria - TripImages/Безіменний123.png", "action_flag": 3, "change_message": ""}}, {"model": "admin.logentry", "pk": 37, "fields": {"action_time": "2025-06-02T13:55:40.361", "user": 1, "content_type": 11, "object_id": "3", "object_repr": "Hallstatt Alpine Escape - Hallstatt, Austria", "action_flag": 3, "change_message": ""}}, {"model": "admin.logentry", "pk": 38, "fields": {"action_time": "2025-06-02T13:55:43.016", "user": 1, "content_type": 11, "object_id": "4", "object_repr": "Hallstatt Alpine Escape - Hallstatt, Austria", "action_flag": 3, "change_message": ""}}, {"model": "admin.logentry", "pk": 39, "fields": {"action_time": "2025-06-02T17:43:01.147", "user": 1, "content_type": 13, "object_id": "3", "object_repr": "Pelion Coastal Villages - Mt. Pelion, Greece - From 2025-05-01 11:00:00+00:00 to 2025-05-05 12:15:00+00:00, 2 attendants", "action_flag": 2, "change_message": "[{\"changed\": {\"fields\": [\"Attendants\"]}}]"}}, {"model": "admin.logentry", "pk": 40, "fields": {"action_time": "2025-06-03T09:31:33.441", "user": 1, "content_type": 9, "object_id": "3", "object_repr": "Moun tains", "action_flag": 2, "change_message": "[{\"changed\": {\"fields\": [\"Name\"]}}]"}}, {"model": "admin.logentry", "pk": 41, "fields": {"action_time": "2025-06-03T09:32:43.666", "user": 1, "content_type": 9, "object_id": "3", "object_repr": "Mountains", "action_flag": 2, "change_message": "[{\"changed\": {\"fields\": [\"Name\"]}}]"}}, {"model": "admin.logentry", "pk": 42, "fields": {"action_time": "2025-06-04T17:59:37.419", "user": 1, "content_type": 4, "object_id": "16", "object_repr": "manager", "action_flag": 1, "change_message": "[{\"added\": {}}]"}}, {"model": "admin.logentry", "pk": 43, "fields": {"action_time": "2025-06-04T18:00:53.427", "user": 1, "content_type": 4, "object_id": "16", "object_repr": "manager", "action_flag": 2, "change_message": "[{\"changed\": {\"fields\": [\"First name\", \"Last name\", \"Staff status\", \"User permissions\"]}}]"}}, {"model": "admin.logentry", "pk": 44, "fields": {"action_time": "2025-06-04T20:52:09.591", "user": 1, "content_type": 4, "object_id": "1", "object_repr": "a", "action_flag": 2, "change_message": "[{\"changed\": {\"fields\": [\"Superuser status\"]}}]"}}, {"model": "admin.logentry", "pk": 45, "fields": {"action_time": "2025-06-04T20:52:39.765", "user": 16, "content_type": 4, "object_id": "1", "object_repr": "a", "action_flag": 2, "change_message": "[{\"changed\": {\"fields\": [\"Superuser status\"]}}]"}}, {"model": "admin.logentry", "pk": 46, "fields": {"action_time": "2025-06-04T20:52:52.821", "user": 16, "content_type": 4, "object_id": "16", "object_repr": "manager", "action_flag": 2, "change_message": "[{\"changed\": {\"fields\": [\"User permissions\"]}}]"}}, {"model": "admin.logentry", "pk": 47, "fields": {"action_time": "2025-06-05T06:44:19.056", "user": 1, "content_type": 13, "object_id": "16", "object_repr": "Saxon Switzerland Cliffs - Bad Schandau, Germany - From 2025-05-15 12:00:00+00:00 to 2025-05-22 15:00:00+00:00, 3 attendants", "action_flag": 2, "change_message": "[{\"changed\": {\"fields\": [\"Attendants\"]}}]"}}, {"model": "admin.logentry", "pk": 48, "fields": {"action_time": "2025-06-05T06:44:43.812", "user": 1, "content_type": 13, "object_id": "16", "object_repr": "Saxon Switzerland Cliffs - Bad Schandau, Germany - From 2025-05-15 12:00:00+00:00 to 2025-05-22 15:00:00+00:00, 4 attendants", "action_flag": 2, "change_message": "[{\"changed\": {\"fields\": [\"Attendants\"]}}]"}}, {"model": "admin.logentry", "pk": 49, "fields": {"action_time": "2025-06-05T06:45:42.185", "user": 1, "content_type": 13, "object_id": "3", "object_repr": "Pelion Coastal Villages - Mt. Pelion, Greece - From 2025-05-01 11:00:00+00:00 to 2025-05-05 12:15:00+00:00, 2 attendants", "action_flag": 2, "change_message": "[]"}}, {"model": "admin.logentry", "pk": 50, "fields": {"action_time": "2025-06-05T06:59:21.234", "user": 1, "content_type": 13, "object_id": "19", "object_repr": "Setesdal River Trek - Setesdal Valley, Norway - From 2025-05-18 12:00:00+00:00 to 2025-05-20 12:00:00+00:00, 5 attendants", "action_flag": 1, "change_message": "[{\"added\": {}}]"}}, {"model": "admin.logentry", "pk": 51, "fields": {"action_time": "2025-06-05T07:01:24.815", "user": 1, "content_type": 14, "object_id": "3", "object_repr": "Setesdal River Trek - Setesdal Valley, Norway: 10/You can't miss this!/Birdie", "action_flag": 3, "change_message": ""}}, {"model": "admin.logentry", "pk": 52, "fields": {"action_time": "2025-06-05T07:18:25.759", "user": 1, "content_type": 13, "object_id": "1", "object_repr": "Setesdal River Trek - Setesdal Valley, Norway - From 2025-06-09 12:00:00+00:00 to 2025-06-12 15:00:00+00:00, 2 attendants", "action_flag": 2, "change_message": "[{\"changed\": {\"fields\": [\"Attendants\"]}}]"}}, {"model": "admin.logentry", "pk": 53, "fields": {"action_time": "2025-06-05T07:18:36.352", "user": 1, "content_type": 4, "object_id": "18", "object_repr": "Examinus123", "action_flag": 3, "change_message": ""}}, {"model": "admin.logentry", "pk": 54, "fields": {"action_time": "2025-06-05T09:52:53.112", "user": 1, "content_type": 13, "object_id": "20", "object_repr": "Sintra Forest Castles - Sintra, Portugal - From 2025-07-05 09:51:35 to 2025-07-05 09:52:50, 1 attendants", "action_flag": 1, "change_message": "[{\"added\": {}}]"}}, {"model": "auth.permission", "pk": 1, "fields": {"name": "Can add log entry", "content_type": 1, "codename": "add_logentry"}}, {"model": "auth.permission", "pk": 2, "fields": {"name": "Can change log entry", "content_type": 1, "codename": "change_logentry"}}, {"model": "auth.permission", "pk": 3, "fields": {"name": "Can delete log entry", "content_type": 1, "codename": "delete_logentry"}}, {"model": "auth.permission", "pk": 4, "fields": {"name": "Can view log entry", "content_type": 1, "codename": "view_logentry"}}, {"model": "auth.permission", "pk": 5, "fields": {"name": "Can add permission", "content_type": 2, "codename": "add_permission"}}, {"model": "auth.permission", "pk": 6, "fields": {"name": "Can change permission", "content_type": 2, "codename": "change_permission"}}, {"model": "auth.permission", "pk": 7, "fields": {"name": "Can delete permission", "content_type": 2, "codename": "delete_permission"}}, {"model": "auth.permission", "pk": 8, "fields": {"name": "Can view permission", "content_type": 2, "codename": "view_permission"}}, {"model": "auth.permission", "pk": 9, "fields": {"name": "Can add group", "content_type": 3, "codename": "add_group"}}, {"model": "auth.permission", "pk": 10, "fields": {"name": "Can change group", "content_type": 3, "codename": "change_group"}}, {"model": "auth.permission", "pk": 11, "fields": {"name": "Can delete group", "content_type": 3, "codename": "delete_group"}}, {"model": "auth.permission", "pk": 12, "fields": {"name": "Can view group", "content_type": 3, "codename": "view_group"}}, {"model": "auth.permission", "pk": 13, "fields": {"name": "Can add user", "content_type": 4, "codename": "add_user"}}, {"model": "auth.permission", "pk": 14, "fields": {"name": "Can change user", "content_type": 4, "codename": "change_user"}}, {"model": "auth.permission", "pk": 15, "fields": {"name": "Can delete user", "content_type": 4, "codename": "delete_user"}}, {"model": "auth.permission", "pk": 16, "fields": {"name": "Can view user", "content_type": 4, "codename": "view_user"}}, {"model": "auth.permission", "pk": 17, "fields": {"name": "Can add content type", "content_type": 5, "codename": "add_contenttype"}}, {"model": "auth.permission", "pk": 18, "fields": {"name": "Can change content type", "content_type": 5, "codename": "change_contenttype"}}, {"model": "auth.permission", "pk": 19, "fields": {"name": "Can delete content type", "content_type": 5, "codename": "delete_contenttype"}}, {"model": "auth.permission", "pk": 20, "fields": {"name": "Can view content type", "content_type": 5, "codename": "view_contenttype"}}, {"model": "auth.permission", "pk": 21, "fields": {"name": "Can add session", "content_type": 6, "codename": "add_session"}}, {"model": "auth.permission", "pk": 22, "fields": {"name": "Can change session", "content_type": 6, "codename": "change_session"}}, {"model": "auth.permission", "pk": 23, "fields": {"name": "Can delete session", "content_type": 6, "codename": "delete_session"}}, {"model": "auth.permission", "pk": 24, "fields": {"name": "Can view session", "content_type": 6, "codename": "view_session"}}, {"model": "auth.permission", "pk": 25, "fields": {"name": "Can add difficulty", "content_type": 7, "codename": "add_difficulty"}}, {"model": "auth.permission", "pk": 26, "fields": {"name": "Can change difficulty", "content_type": 7, "codename": "change_difficulty"}}, {"model": "auth.permission", "pk": 27, "fields": {"name": "Can delete difficulty", "content_type": 7, "codename": "delete_difficulty"}}, {"model": "auth.permission", "pk": 28, "fields": {"name": "Can view difficulty", "content_type": 7, "codename": "view_difficulty"}}, {"model": "auth.permission", "pk": 29, "fields": {"name": "Can add guide", "content_type": 8, "codename": "add_guide"}}, {"model": "auth.permission", "pk": 30, "fields": {"name": "Can change guide", "content_type": 8, "codename": "change_guide"}}, {"model": "auth.permission", "pk": 31, "fields": {"name": "Can delete guide", "content_type": 8, "codename": "delete_guide"}}, {"model": "auth.permission", "pk": 32, "fields": {"name": "Can view guide", "content_type": 8, "codename": "view_guide"}}, {"model": "auth.permission", "pk": 33, "fields": {"name": "Can add tag", "content_type": 9, "codename": "add_tag"}}, {"model": "auth.permission", "pk": 34, "fields": {"name": "Can change tag", "content_type": 9, "codename": "change_tag"}}, {"model": "auth.permission", "pk": 35, "fields": {"name": "Can delete tag", "content_type": 9, "codename": "delete_tag"}}, {"model": "auth.permission", "pk": 36, "fields": {"name": "Can view tag", "content_type": 9, "codename": "view_tag"}}, {"model": "auth.permission", "pk": 37, "fields": {"name": "Can add customer", "content_type": 10, "codename": "add_customer"}}, {"model": "auth.permission", "pk": 38, "fields": {"name": "Can change customer", "content_type": 10, "codename": "change_customer"}}, {"model": "auth.permission", "pk": 39, "fields": {"name": "Can delete customer", "content_type": 10, "codename": "delete_customer"}}, {"model": "auth.permission", "pk": 40, "fields": {"name": "Can view customer", "content_type": 10, "codename": "view_customer"}}, {"model": "auth.permission", "pk": 41, "fields": {"name": "Can add trip", "content_type": 11, "codename": "add_trip"}}, {"model": "auth.permission", "pk": 42, "fields": {"name": "Can change trip", "content_type": 11, "codename": "change_trip"}}, {"model": "auth.permission", "pk": 43, "fields": {"name": "Can delete trip", "content_type": 11, "codename": "delete_trip"}}, {"model": "auth.permission", "pk": 44, "fields": {"name": "Can view trip", "content_type": 11, "codename": "view_trip"}}, {"model": "auth.permission", "pk": 45, "fields": {"name": "Can add trip gallery", "content_type": 12, "codename": "add_tripgallery"}}, {"model": "auth.permission", "pk": 46, "fields": {"name": "Can change trip gallery", "content_type": 12, "codename": "change_tripgallery"}}, {"model": "auth.permission", "pk": 47, "fields": {"name": "Can delete trip gallery", "content_type": 12, "codename": "delete_tripgallery"}}, {"model": "auth.permission", "pk": 48, "fields": {"name": "Can view trip gallery", "content_type": 12, "codename": "view_tripgallery"}}, {"model": "auth.permission", "pk": 49, "fields": {"name": "Can add schedule", "content_type": 13, "codename": "add_schedule"}}, {"model": "auth.permission", "pk": 50, "fields": {"name": "Can change schedule", "content_type": 13, "codename": "change_schedule"}}, {"model": "auth.permission", "pk": 51, "fields": {"name": "Can delete schedule", "content_type": 13, "codename": "delete_schedule"}}, {"model": "auth.permission", "pk": 52, "fields": {"name": "Can view schedule", "content_type": 13, "codename": "view_schedule"}}, {"model": "auth.permission", "pk": 53, "fields": {"name": "Can add review", "content_type": 14, "codename": "add_review"}}, {"model": "auth.permission", "pk": 54, "fields": {"name": "Can change review", "content_type": 14, "codename": "change_review"}}, {"model": "auth.permission", "pk": 55, "fields": {"name": "Can delete review", "content_type": 14, "codename": "delete_review"}}, {"model": "auth.permission", "pk": 56, "fields": {"name": "Can view review", "content_type": 14, "codename": "view_review"}}, {"model": "auth.user", "pk": 1, "fields": {"password": "pbkdf2_sha256$870000$209smSZuiQAWkLRZdcrWgy$JtXunyXXxqb9g+v8C0rqshHMHnUEdv6kyIrPfAMeUfY=", "last_login": "2025-06-05T06:40:38.730", "is_superuser": true, "username": "a", "first_name": "", "last_name": "", "email": "", "is_staff": true, "is_active": true, "date_joined": "2025-06-01T17:08:22", "groups": [], "user_permissions": []}}, {"model": "auth.user", "pk": 10, "fields": {"password": "pbkdf2_sha256$870000$sd12P0g0efqDzFrF8mXUgV$+U/xk3BF0D9KL6r27JNMZdlpAXeAq+M1pynXNZQsEpw=", "last_login": "2025-06-03T08:02:43.598", "is_superuser": false, "username": "themcb", "first_name": "Michael", "last_name": "B.", "email": "", "is_staff": false, "is_active": true, "date_joined": "2025-06-02T09:39:56.427", "groups": [], "user_permissions": []}}, {"model": "auth.user", "pk": 11, "fields": {"password": "pbkdf2_sha256$870000$NihpgFfNMass42CjPbX8TD$9l2IcZaoLBgbCiCa+0jLv0gchfA1kfMmEeWXjxsHi9M=", "last_login": "2025-06-05T07:03:07.177", "is_superuser": false, "username": "Birdie", "first_name": "Angela", "last_name": "Bird", "email": "", "is_staff": false, "is_active": true, "date_joined": "2025-06-02T11:17:00.628", "groups": [], "user_permissions": []}}, {"model": "auth.user", "pk": 12, "fields": {"password": "pbkdf2_sha256$870000$RacAq5WG6wzSjtoXcVE420$sCOXf2KjmhbS95aXFN4FCeq2LANwcJ49iZZgePx6Yoc=", "last_login": "2025-06-05T09:45:25.027", "is_superuser": false, "username": "SpiderMan", "first_name": "Žmogus", "last_name": "Voras", "email": "", "is_staff": false, "is_active": true, "date_joined": "2025-06-02T11:19:55.598", "groups": [], "user_permissions": []}}, {"model": "auth.user", "pk": 13, "fields": {"password": "pbkdf2_sha256$870000$0LxrVShA223iGtn8Vgzq9a$JbET3FxvAehto3rJcc4yeHm3OH5ihKsI3LC/OEHabnA=", "last_login": "2025-06-05T09:54:28.378", "is_superuser": false, "username": "funboy97", "first_name": "Pylyp", "last_name": "Oleksiyenko", "email": "", "is_staff": false, "is_active": true, "date_joined": "2025-06-02T11:33:44.143", "groups": [], "user_permissions": []}}, {"model": "auth.user", "pk": 14, "fields": {"password": "pbkdf2_sha256$870000$N2cf3kN3zC0O9KjlXNapFU$K0uknrLV5Hyz9DfwDNHLr7lgBKowGa7O2qSPHGsPqFk=", "last_login": "2025-06-02T11:34:43.348", "is_superuser": false, "username": "Usernamus", "first_name": "Namus", "last_name": "Surnamus", "email": "", "is_staff": false, "is_active": true, "date_joined": "2025-06-02T11:34:42.670", "groups": [], "user_permissions": []}}, {"model": "auth.user", "pk": 15, "fields": {"password": "pbkdf2_sha256$870000$u01984XyYxBGed96LiFq0q$TGLQmCkRUvxQvGZ10mV6X9fG4FQzrM61qpKSnNheM4s=", "last_login": "2025-06-04T17:25:48.681", "is_superuser": false, "username": "hemal7", "first_name": "Hemal", "last_name": "Gunasighe", "email": "", "is_staff": false, "is_active": true, "date_joined": "2025-06-04T17:24:54.977", "groups": [], "user_permissions": []}}, {"model": "auth.user", "pk": 16, "fields": {"password": "pbkdf2_sha256$870000$LWW2AQ7H6tpaDUjOVURUzn$9YltHlRKM9ceShfW/k0TMa7tcJ6iS2CNsSYd2XwNFSk=", "last_login": "2025-06-05T09:47:29.784", "is_superuser": false, "username": "manager", "first_name": "Manager", "last_name": "Guy", "email": "", "is_staff": true, "is_active": true, "date_joined": "2025-06-04T17:59:36", "groups": [], "user_permissions": []}}, {"model": "auth.user", "pk": 17, "fields": {"password": "pbkdf2_sha256$870000$iYMgIUEojz4RUPpEj2Im81$bCFwZH/IqF0iFzJHecFtCb9Q60dmYb+24+3qOmpTGYI=", "last_login": "2025-06-04T20:48:16.247", "is_superuser": false, "username": "apple", "first_name": "john", "last_name": "kyle", "email": "", "is_staff": false, "is_active": true, "date_joined": "2025-06-04T19:37:05.152", "groups": [], "user_permissions": []}}, {"model": "auth.user", "pk": 19, "fields": {"password": "pbkdf2_sha256$870000$brKlhH5kTVKLDkUBwzohf6$Z3w5ujEw01O7I6ciZ4GdVisLtTkoDze/h/mf0cnH7QI=", "last_login": "2025-06-05T09:44:43.094", "is_superuser": false, "username": "Examinus", "first_name": "Examman", "last_name": "Video", "email": "", "is_staff": false, "is_active": true, "date_joined": "2025-06-05T09:43:10.838", "groups": [], "user_permissions": []}}, {"model": "contenttypes.contenttype", "pk": 1, "fields": {"app_label": "admin", "model": "logentry"}}, {"model": "contenttypes.contenttype", "pk": 2, "fields": {"app_label": "auth", "model": "permission"}}, {"model": "contenttypes.contenttype", "pk": 3, "fields": {"app_label": "auth", "model": "group"}}, {"model": "contenttypes.contenttype", "pk": 4, "fields": {"app_label": "auth", "model": "user"}}, {"model": "contenttypes.contenttype", "pk": 5, "fields": {"app_label": "contenttypes", "model": "contenttype"}}, {"model": "contenttypes.contenttype", "pk": 6, "fields": {"app_label": "sessions", "model": "session"}}, {"model": "contenttypes.contenttype", "pk": 7, "fields": {"app_label": "AdventureApp", "model": "difficulty"}}, {"model": "contenttypes.contenttype", "pk": 8, "fields": {"app_label": "AdventureApp", "model": "guide"}}, {"model": "contenttypes.contenttype", "pk": 9, "fields": {"app_label": "AdventureApp", "model": "tag"}}, {"model": "contenttypes.contenttype", "pk": 10, "fields": {"app_label": "AdventureApp", "model": "customer"}}, {"model": "contenttypes.contenttype", "pk": 11, "fields": {"app_label": "AdventureApp", "model": "trip"}}, {"model": "contenttypes.contenttype", "pk": 12, "fields": {"app_label": "AdventureApp", "model": "tripgallery"}}, {"model": "contenttypes.contenttype", "pk": 13, "fields": {"app_label": "AdventureApp", "model": "schedule"}}, {"model": "contenttypes.contenttype", "pk": 14, "fields": {"app_label": "AdventureApp", "model": "review"}}, {"model": "sessions.session", "pk": "1uxnriihifhv78yyd0xtsmlguowkqsym", "fields": {"session_data": ".eJxVjEEOwiAQRe_C2hAphQGX7nsGMjMMUjVtUtqV8e7apAvd_vfef6mE21rT1mRJY1YXZdTpdyPkh0w7yHecbrPmeVqXkfSu6IM2PcxZntfD_Tuo2Oq3xozoGdgyGOnkHDi4LEQ9FNt5cRApmB4CGnHFcoklCBBlQOPFuqjeHw-IONg:1uMpSR:RBPZxiA-4W_BG1P9rgWFKiYLMoFxhvK4KtQBvZ5iFc0", "expire_date": "2025-06-18T14:51:11.804"}}, {"model": "sessions.session", "pk": "4jzjg8ffbonusj09xexonfrqgwtzlpg2", "fields": {"session_data": ".eJxVjEEOwiAQRe_C2hAphQGX7nsGMjMMUjVtUtqV8e7apAvd_vfef6mE21rT1mRJY1YXZdTpdyPkh0w7yHecbrPmeVqXkfSu6IM2PcxZntfD_Tuo2Oq3xozoGdgyGOnkHDi4LEQ9FNt5cRApmB4CGnHFcoklCBBlQOPFuqjeHw-IONg:1uMMbt:1pNNW9vhfwzM6Qrc73deWRNuPMPzriBRoOVuSV6w31E", "expire_date": "2025-06-17T08:03:01.230"}}, {"model": "sessions.session", "pk": "7mqaqxd2fbzx3d7fbzb1rggxx7w3f0el", "fields": {"session_data": "e30:1uM190:a4MzppfbTWn98N3tIQDYfev5JyPHr089mGA2kb02qGM", "expire_date": "2025-06-16T09:07:46.379"}}, {"model": "sessions.session", "pk": "a55uf26pzos70kc88x5fh5523ctp6lqo", "fields": {"session_data": "e30:1uM00n:KgU6Qg1hrDnzMAPWsz1HJ3Io4Sw7v5t-9ZB2-Lc9byo", "expire_date": "2025-06-16T07:55:13.362"}}, {"model": "sessions.session", "pk": "d0rch6tf1amv2c7q17rqn2zn6x811ewx", "fields": {"session_data": ".eJxVjEEOwiAQRe_C2hCgMlCX7j0DGRhGqgaS0q6Md7dNutDte-__twi4LiWsPc9hInER2ojTL4yYnrnuhh5Y702mVpd5inJP5GG7vDXKr-vR_h0U7GVbYwQCBAPk7GA9o1MuWqO1MezQq_MAI2HyY87Ig9qIVdFBAmYLipP4fAH9VzgE:1uMtPI:tVUE97qLYJsjDjMiw__aH19GCA0TruRDhh3AsAxHf88", "expire_date": "2025-06-18T19:04:12.665"}}, {"model": "sessions.session", "pk": "dsrljejoqebszecmsbjqqpioj4ebi3we", "fields": {"session_data": ".eJxVjEEOwiAQRe_C2pDOQKG4dO8ZmhkYbNVAUtqV8e7apAvd_vfef6mRtnUatybLOCd1VmDU6Xdkig8pO0l3KreqYy3rMrPeFX3Qpq81yfNyuH8HE7XpWw-DgcwdguEhcmSDzmbpAUNAC70lSUKBcoSA3hOgw97ZlDvrmQVFvT_8QDf3:1uN5Qi:yyxeBcgWdrxfJOcFlFZi-yzLNb6JGpBJxrZ9BtCTKe0", "expire_date": "2025-06-19T09:54:28.396"}}, {"model": "sessions.session", "pk": "f29lz3a3c5ka456utix6c6yj6vstthzv", "fields": {"session_data": ".eJxVjEEOwiAQRe_C2hAphQGX7nsGMjMMUjVtUtqV8e7apAvd_vfef6mE21rT1mRJY1YXZdTpdyPkh0w7yHecbrPmeVqXkfSu6IM2PcxZntfD_Tuo2Oq3xozoGdgyGOnkHDi4LEQ9FNt5cRApmB4CGnHFcoklCBBlQOPFuqjeHw-IONg:1uLmdO:iq0JJd4FjiFMOPQ8nS8F9XS_5KKjR77wsxpUj_yCOf0", "expire_date": "2025-06-15T17:38:10.006"}}, {"model": "sessions.session", "pk": "f5p5vifg6a4t0f9glmh5jbof519wrwmr", "fields": {"session_data": ".eJxVjEEOwiAQRe_C2hAphQGX7nsGMjMMUjVtUtqV8e7apAvd_vfef6mE21rT1mRJY1YXZdTpdyPkh0w7yHecbrPmeVqXkfSu6IM2PcxZntfD_Tuo2Oq3xozoGdgyGOnkHDi4LEQ9FNt5cRApmB4CGnHFcoklCBBlQOPFuqjeHw-IONg:1uMv6s:lFCvf9FsMg-EU7nxrEVFku3oPMusMrppuIB91SqX5tA", "expire_date": "2025-06-18T20:53:18.592"}}, {"model": "sessions.session", "pk": "fv7j6ai1pox011f69k0pb6mat56ah6ce", "fields": {"session_data": "e30:1uM1Cg:-rVLEhVONTY9uumpmUwEXOzgoklF6BlB5zD46p1mlRs", "expire_date": "2025-06-16T09:11:34.943"}}, {"model": "sessions.session", "pk": "idgp4besoatyyqe0e9vq42wjh2boel0s", "fields": {"session_data": "e30:1uM15T:EQEqaJEKTb1sWjSPp2l5jwb3V3Qvn3PpudUo3jHRUaA", "expire_date": "2025-06-16T09:04:07.138"}}, {"model": "sessions.session", "pk": "ken77itby8eauakevnru9n02tyfeva0d", "fields": {"session_data": ".eJxVjEEOwiAQRe_C2pDOQKG4dO8ZmhkYbNVAUtqV8e7apAvd_vfef6mRtnUatybLOCd1VmDU6Xdkig8pO0l3KreqYy3rMrPeFX3Qpq81yfNyuH8HE7XpWw-DgcwdguEhcmSDzmbpAUNAC70lSUKBcoSA3hOgw97ZlDvrmQVFvT_8QDf3:1uMQU7:uMJfvgYRApVQGmiuf_OkDICQU5V38hqahImJTs2Xsqg", "expire_date": "2025-06-17T12:11:15.028"}}, {"model": "sessions.session", "pk": "l47bt2xhvlcj4xi3ucc38sju45kfjtmr", "fields": {"session_data": "e30:1uM18N:4litGwCQbyTTWHZ6y2titJJABidbLwIHCTMfuBZ6pug", "expire_date": "2025-06-16T09:07:07.604"}}, {"model": "sessions.session", "pk": "oa523o75ffo7i8n87nmqd4czxak2p9em", "fields": {"session_data": "e30:1uM1Ax:KT1mXxEhUTby1tQlWwEGxnfN8eRbhNTYUIOMaDizwb8", "expire_date": "2025-06-16T09:09:47.371"}}, {"model": "sessions.session", "pk": "p088rw4vcfadish3a73tlqaf48jqofy0", "fields": {"session_data": ".eJxVjEEOwiAQRe_C2hCgMlCX7j0DGRhGqgaS0q6Md7dNutDte-__twi4LiWsPc9hInER2ojTL4yYnrnuhh5Y702mVpd5inJP5GG7vDXKr-vR_h0U7GVbYwQCBAPk7GA9o1MuWqO1MezQq_MAI2HyY87Ig9qIVdFBAmYLipP4fAH9VzgE:1uMvOk:PZezarWaretzgv2jXR6NqgefxJx7sSY4BdCHq9qcLZQ", "expire_date": "2025-06-18T21:11:46.422"}}, {"model": "sessions.session", "pk": "pcz9r29w8co38x658e6zv3oojlcv7ubv", "fields": {"session_data": ".eJxVjEEOwiAQRe_C2hAphQGX7nsGMjMMUjVtUtqV8e7apAvd_vfef6mE21rT1mRJY1YXZdTpdyPkh0w7yHecbrPmeVqXkfSu6IM2PcxZntfD_Tuo2Oq3xozoGdgyGOnkHDi4LEQ9FNt5cRApmB4CGnHFcoklCBBlQOPFuqjeHw-IONg:1uN4HG:KhXW7C1mYDedqWuXB-KelG0z6hFp6Plv5wqeTQD5BYc", "expire_date": "2025-06-19T06:40:38.740"}}, {"model": "sessions.session", "pk": "wfov0f5kxncsqjtfzmgpfyyyrngwigpl", "fields": {"session_data": ".eJxVjEEOwiAQRe_C2hAphQGX7nsGMjMMUjVtUtqV8e7apAvd_vfef6mE21rT1mRJY1YXZdTpdyPkh0w7yHecbrPmeVqXkfSu6IM2PcxZntfD_Tuo2Oq3xozoGdgyGOnkHDi4LEQ9FNt5cRApmB4CGnHFcoklCBBlQOPFuqjeHw-IONg:1uMqBY:MVIvpuNyRl-Pdt8V8o93Dd2s297x9iQm3XZs1TiJbRk", "expire_date": "2025-06-18T15:37:48.019"}}, {"model": "AdventureApp.customer", "pk": 2, "fields": {"user": 10, "phone": "+4700000123", "newsletter": true}}, {"model": "AdventureApp.customer", "pk": 3, "fields": {"user": 11, "phone": "+380123456789", "newsletter": false}}, {"model": "AdventureApp.customer", "pk": 4, "fields": {"user": 12, "phone": "+37167123456", "newsletter": false}}, {"model": "AdventureApp.customer", "pk": 5, "fields": {"user": 13, "phone": "+1234567890", "newsletter": true}}, {"model": "AdventureApp.customer", "pk": 6, "fields": {"user": 14, "phone": "+47000000001", "newsletter": false}}, {"model": "AdventureApp.customer", "pk": 7, "fields": {"user": 15, "phone": "+4793077052", "newsletter": false}}, {"model": "AdventureApp.customer", "pk": 8, "fields": {"user": 17, "phone": "+4723456786", "newsletter": false}}, {"model": "AdventureApp.customer", "pk": 10, "fields": {"user": 19, "phone": "+1234567890", "newsletter": false}}, {"model": "AdventureApp.tag", "pk": 1, "fields": {"name": "Historical"}}, {"model": "AdventureApp.tag", "pk": 2, "fields": {"name": "Nature"}}, {"model": "AdventureApp.tag", "pk": 3, "fields": {"name": "Mountains"}}, {"model": "AdventureApp.tag", "pk": 4, "fields": {"name": "Sea"}}, {"model": "AdventureApp.difficulty", "pk": 1, "fields": {"name": "Easy", "description": "Suitable for families. Light trails, minimal altitude variance."}}, {"model": "AdventureApp.difficulty", "pk": 2, "fields": {"name": "Medium", "description": "Medium difficulty."}}, {"model": "AdventureApp.difficulty", "pk": 3, "fields": {"name": "Hard", "description": "Difficult trips. Good clothing and equipment required."}}, {"model": "AdventureApp.trip", "pk": 5, "fields": {"title": "Hallstatt Alpine Escape - Hallstatt, Austria", "description": "Tucked between towering alpine cliffs and mirrored lakes, Hallstatt is a UNESCO-listed dreamscape. This serene village offers a magical blend of crisp mountain air, wooden chalets, and peaceful waters.", "difficulty": 1, "tags": [1, 2]}}, {"model": "AdventureApp.trip", "pk": 9, "fields": {"title": "Sintra Forest Castles - Sintra, Portugal", "description": "Sintra is a misty wonderland of moss-covered trails and pastel-colored palaces. It feels more like stepping into a storybook than a real town.", "difficulty": 2, "tags": [1, 3]}}, {"model": "AdventureApp.trip", "pk": 10, "fields": {"title": "Setesdal River Trek - Setesdal Valley, Norway", "description": "This untamed river valley carves its way through dramatic terrain filled with forests, waterfalls, and centuries-old farms.", "difficulty": 2, "tags": [2, 3]}}, {"model": "AdventureApp.trip", "pk": 11, "fields": {"title": "Saxon Switzerland Cliffs - Bad Schandau, Germany", "description": "A surreal labyrinth of sandstone towers, narrow gorges, and high bridges, this national park is a climber's and hiker's paradise.", "difficulty": 3, "tags": [2, 3]}}, {"model": "AdventureApp.trip", "pk": 12, "fields": {"title": "Pelion Coastal Villages - Mt. Pelion, Greece", "description": "Between the Aegean Sea and a lush green mountain range lies Pelion, an off-the-radar Greek region sprinkled with charming villages and empty beaches.", "difficulty": 2, "tags": [2, 3, 4]}}, {"model": "AdventureApp.trip", "pk": 13, "fields": {"title": "Kotor Bay Kayak & Fortress - Kotor, Montenegro", "description": "Kotor's dramatic fjord-like bay, medieval walls, and laid-back charm make it one of Europe's most cinematic and underrated destinations.", "difficulty": 1, "tags": [1]}}, {"model": "AdventureApp.trip", "pk": 14, "fields": {"title": "Lake Bled Forest Retreat - Bled, Slovenia", "description": "A fairy-tale lake with an island church and alpine backdrop - but what makes this trip special is the secluded forest retreat vibe.", "difficulty": 1, "tags": [1, 2]}}, {"model": "AdventureApp.trip", "pk": 15, "fields": {"title": "Valbona Valley Expedition - Northern Albania", "description": "Remote, raw, and real-Valbona is Europe's last true wilderness. The kind of place where nature doesn't feel like a backdrop-it feels alive.", "difficulty": 3, "tags": [2, 3]}}, {"model": "AdventureApp.trip", "pk": 16, "fields": {"title": "Cabo de Gata Desert Coast - Andalusia, Spain", "description": "A protected volcanic coast where you'll find moon-like landscapes, cactus-lined trails, and secret coves with turquoise water.", "difficulty": 2, "tags": [2, 3, 4]}}, {"model": "AdventureApp.tripgallery", "pk": 12, "fields": {"picture": "TripImages/austria1_HL86759.jpg", "trip": 5}}, {"model": "AdventureApp.tripgallery", "pk": 13, "fields": {"picture": "TripImages/austria2_uQn7RCF.jpg", "trip": 5}}, {"model": "AdventureApp.tripgallery", "pk": 14, "fields": {"picture": "TripImages/austria3_fF3YcEl.jpg", "trip": 5}}, {"model": "AdventureApp.tripgallery", "pk": 15, "fields": {"picture": "TripImages/portugal1_zu0eVks.jpg", "trip": 9}}, {"model": "AdventureApp.tripgallery", "pk": 16, "fields": {"picture": "TripImages/portugal2_uLtYA37.jpg", "trip": 9}}, {"model": "AdventureApp.tripgallery", "pk": 17, "fields": {"picture": "TripImages/portugal3_qDrdBoI.jpg", "trip": 9}}, {"model": "AdventureApp.tripgallery", "pk": 18, "fields": {"picture": "TripImages/norway3_Wk67DBF.jpg", "trip": 10}}, {"model": "AdventureApp.tripgallery", "pk": 19, "fields": {"picture": "TripImages/norway5_tC4kkzO.jpg", "trip": 10}}, {"model": "AdventureApp.tripgallery", "pk": 20, "fields": {"picture": "TripImages/portugal4.jpg", "trip": 9}}, {"model": "AdventureApp.tripgallery", "pk": 21, "fields": {"picture": "TripImages/germany1_DPIaFIC.jpg", "trip": 11}}, {"model": "AdventureApp.tripgallery", "pk": 22, "fields": {"picture": "TripImages/germany2_PONg1cS.jpg", "trip": 11}}, {"model": "AdventureApp.tripgallery", "pk": 23, "fields": {"picture": "TripImages/germany3_h8BRi76.jpg", "trip": 11}}, {"model": "AdventureApp.tripgallery", "pk": 24, "fields": {"picture": "TripImages/greece1_eEGakgL.jpg", "trip": 12}}, {"model": "AdventureApp.tripgallery", "pk": 25, "fields": {"picture": "TripImages/greece2_GYLOEgU.jpg", "trip": 12}}, {"model": "AdventureApp.tripgallery", "pk": 26, "fields": {"picture": "TripImages/greece3_Z3belwa.jpg", "trip": 12}}, {"model": "AdventureApp.tripgallery", "pk": 27, "fields": {"picture": "TripImages/montenegro1_sDvDSyG.jpg", "trip": 13}}, {"model": "AdventureApp.tripgallery", "pk": 28, "fields": {"picture": "TripImages/montenegro2_gZ4GzXt.jpg", "trip": 13}}, {"model": "AdventureApp.tripgallery", "pk": 29, "fields": {"picture": "TripImages/montenegro3.jpg", "trip": 13}}, {"model": "AdventureApp.tripgallery", "pk": 33, "fields": {"picture": "TripImages/slovenia1.jpg", "trip": 14}}, {"model": "AdventureApp.tripgallery", "pk": 34, "fields": {"picture": "TripImages/slovenia2.jpg", "trip": 14}}, {"model": "AdventureApp.tripgallery", "pk": 35, "fields": {"picture": "TripImages/slovenia3.jpg", "trip": 14}}, {"model": "AdventureApp.tripgallery", "pk": 36, "fields": {"picture": "TripImages/albania1.jpg", "trip": 15}}, {"model": "AdventureApp.tripgallery", "pk": 37, "fields": {"picture": "TripImages/albania2.jpg", "trip": 15}}, {"model": "AdventureApp.tripgallery", "pk": 38, "fields": {"picture": "TripImages/albania3.jpg", "trip": 15}}, {"model": "AdventureApp.tripgallery", "pk": 39, "fields": {"picture": "TripImages/spain1.jpg", "trip": 16}}, {"model": "AdventureApp.tripgallery", "pk": 40, "fields": {"picture": "TripImages/spain3.jpg", "trip": 16}}, {"model": "AdventureApp.guide", "pk": 1, "fields": {"name": "Oskar Westerlin", "email": "oskar.westerlin@example.com", "portrait": "GuidePics/oskar_vU1ApHO.westerlin.png", "description": "Nature enthusiast who knows every hidden hiking trail in Norway. Always up for a scenic detour.", "phone": "+4748000000"}}, {"model": "AdventureApp.guide", "pk": 2, "fields": {"name": "Henrik Kristoffersen", "email": "henrik.kristoffersen@example.com", "portrait": "GuidePics/henrik_odrHgZ8.kristoffersen.jpg", "description": "Kayak king and glacier whisperer. If it's cold and wild, Henrik's already there.", "phone": "+47000000001"}}, {"model": "AdventureApp.guide", "pk": 3, "fields": {"name": "Amalie Olsen", "email": "amalie.olsen@example.com", "portrait": "GuidePics/amalie_Z8ioO2p.olsen.png", "description": "Passionate storyteller who brings history to life. You'll leave her tours with more than just photos.", "phone": "+4700000002"}}, {"model": "AdventureApp.guide", "pk": 4, "fields": {"name": "Sebastian Brevik", "email": "sebastian.brevik@example.com", "portrait": "GuidePics/sebastian_rVuFgll.brevik.png", "description": "Luxury meets adventure with Sebastian. Mountain lodges, wine tastings, and breathtaking views - he curates it all.", "phone": "+4733333333"}}, {"model": "AdventureApp.guide", "pk": 5, "fields": {"name": "Snorre Klanderud", "email": "snorre.klanderud@example.com", "portrait": "GuidePics/snorre_XWie1uK.klanderud.png", "description": "Urban explorer and nightlife navigator. Knows the city's secrets from rooftop bars to back-alley murals.", "phone": "+474444444444"}}, {"model": "AdventureApp.guide", "pk": 6, "fields": {"name": "Arif Murakami", "email": "arif.murakami@example.com", "portrait": "GuidePics/arif_7pMVuhd.murakami.png", "description": "Certified adrenaline junkie. From cliff jumps to zip lines, he's your go-to for thrills.", "phone": "+4755555555"}}, {"model": "AdventureApp.guide", "pk": 7, "fields": {"name": "Vita Mashadi", "email": "vita.mashadi@example.com", "portrait": "GuidePics/vita_rZ7j9qI.mashadi.png", "description": "Warm, vibrant, and wellness-focused. Specializes in mindful hikes, yoga stops, and eco-conscious travel.", "phone": "+4747474747473"}}, {"model": "AdventureApp.schedule", "pk": 1, "fields": {"trip": 10, "start": "2025-06-09T12:00:00", "end": "2025-06-12T15:00:00", "price": "25.00", "maxattendants": 12, "attendants": [13, 15], "guides": [2]}}, {"model": "AdventureApp.schedule", "pk": 2, "fields": {"trip": 11, "start": "2025-06-02T00:00:00", "end": "2025-06-20T00:00:00", "price": "100.00", "maxattendants": 10, "attendants": [], "guides": [7]}}, {"model": "AdventureApp.schedule", "pk": 3, "fields": {"trip": 12, "start": "2025-05-01T11:00:00", "end": "2025-05-05T12:15:00", "price": "20.00", "maxattendants": 12, "attendants": [12, 14], "guides": [1, 3]}}, {"model": "AdventureApp.schedule", "pk": 4, "fields": {"trip": 9, "start": "2025-06-03T12:00:00", "end": "2025-06-12T12:00:00", "price": "250.00", "maxattendants": 20, "attendants": [12, 13], "guides": [4, 5, 6]}}, {"model": "AdventureApp.schedule", "pk": 5, "fields": {"trip": 13, "start": "2025-06-14T18:44:00", "end": "2025-06-30T18:44:00", "price": "2000.00", "maxattendants": 4, "attendants": [15], "guides": [6]}}, {"model": "AdventureApp.schedule", "pk": 6, "fields": {"trip": 9, "start": "2025-05-23T22:49:00", "end": "2025-06-16T22:45:00", "price": "5000.00", "maxattendants": 6, "attendants": [], "guides": [1]}}, {"model": "AdventureApp.schedule", "pk": 7, "fields": {"trip": 9, "start": "2025-08-20T19:11:00", "end": "2025-09-24T19:11:00", "price": "4000.00", "maxattendants": 6, "attendants": [], "guides": [3]}}, {"model": "AdventureApp.schedule", "pk": 8, "fields": {"trip": 5, "start": "2025-08-13T20:04:00", "end": "2025-09-24T20:04:00", "price": "5.00", "maxattendants": 3, "attendants": [12], "guides": [7]}}, {"model": "AdventureApp.schedule", "pk": 9, "fields": {"trip": 11, "start": "2025-11-04T20:05:00", "end": "2025-12-04T20:05:00", "price": "7000.00", "maxattendants": 2, "attendants": [], "guides": [4]}}, {"model": "AdventureApp.schedule", "pk": 10, "fields": {"trip": 12, "start": "2025-05-21T20:05:00", "end": "2025-05-30T20:06:00", "price": "5000.00", "maxattendants": 5, "attendants": [17], "guides": [4]}}, {"model": "AdventureApp.schedule", "pk": 11, "fields": {"trip": 14, "start": "2025-06-17T20:06:00", "end": "2025-07-30T20:06:00", "price": "4300.00", "maxattendants": 4, "attendants": [], "guides": [5]}}, {"model": "AdventureApp.schedule", "pk": 12, "fields": {"trip": 15, "start": "2025-09-04T20:07:00", "end": "2025-10-21T20:07:00", "price": "6000.00", "maxattendants": 4, "attendants": [], "guides": [2]}}, {"model": "AdventureApp.schedule", "pk": 13, "fields": {"trip": 16, "start": "2025-06-23T20:08:00", "end": "2025-08-19T20:08:00", "price": "10000.00", "maxattendants": 7, "attendants": [19], "guides": [3]}}, {"model": "AdventureApp.schedule", "pk": 14, "fields": {"trip": 5, "start": "2025-07-22T20:08:00", "end": "2025-08-27T20:08:00", "price": "5000.00", "maxattendants": 8, "attendants": [11], "guides": [1]}}, {"model": "AdventureApp.schedule", "pk": 16, "fields": {"trip": 11, "start": "2025-05-15T12:00:00", "end": "2025-05-22T15:00:00", "price": "1000.00", "maxattendants": 15, "attendants": [10, 13, 14, 15], "guides": [1, 2, 3]}}, {"model": "AdventureApp.schedule", "pk": 17, "fields": {"trip": 14, "start": "2025-06-01T08:00:00", "end": "2025-06-03T15:00:00", "price": "1500.00", "maxattendants": 12, "attendants": [], "guides": [2]}}, {"model": "AdventureApp.schedule", "pk": 18, "fields": {"trip": 9, "start": "2020-01-01T12:00:00", "end": "2025-02-22T02:00:00", "price": "12.00", "maxattendants": 12, "attendants": [], "guides": [3]}}, {"model": "AdventureApp.schedule", "pk": 19, "fields": {"trip": 10, "start": "2025-05-18T12:00:00", "end": "2025-05-20T12:00:00", "price": "1000.00", "maxattendants": 10, "attendants": [11, 12, 13, 14, 17], "guides": [3]}}, {"model": "AdventureApp.schedule", "pk": 20, "fields": {"trip": 9, "start": "2025-07-05T09:51:35", "end": "2025-07-05T09:52:50", "price": "100.00", "maxattendants": 1, "attendants": [11], "guides": [1]}}, {"model": "AdventureApp.review", "pk": 1, "fields": {"customer": 12, "revtrip": 12, "rating": 6, "revtitle": "Nice!", "comment": "I really love Greece! eee", "date_created": "2025-06-03T10:41:12.523", "date_edited": "2025-06-04T19:20:28.742"}}, {"model": "AdventureApp.review", "pk": 2, "fields": {"customer": 17, "revtrip": 12, "rating": 4, "revtitle": "Amazing", "comment": "This was the best trip in my life", "date_created": "2025-06-04T19:41:30.178", "date_edited": "2025-06-04T19:41:30.178"}}, {"model": "AdventureApp.review", "pk": 4, "fields": {"customer": 11, "revtrip": 10, "rating": 10, "revtitle": "A must!", "comment": "Absolutely loved it! Many thanks to the wonderful guides!", "date_created": "2025-06-05T07:03:52.012", "date_edited": "2025-06-05T07:03:52.013"}}, {"model": "AdventureApp.review", "pk": 5, "fields": {"customer": 12, "revtrip": 10, "rating": 9, "revtitle": "NICE", "comment": "VERY really NICE", "date_created": "2025-06-05T09:46:25.613", "date_edited": "2025-06-05T09:46:54.321"}}]